{"cameraMode":{"drawMode":0,"name":"Shaded","section":"Shading Mode"},"sceneLighting":true,"audioPlay":false,"sceneViewState":{"showFog":true,"showMaterialUpdate":true,"showSkybox":true,"showFlares":true,"showImageEffects":true,"showParticleSystems":true},"in2DMode":false,"pivot":{"x":-0.042557328939437869,"y":0.6576417684555054,"z":4.600649356842041},"rotation":{"x":0.7186849117279053,"y":0.0010515757603570819,"z":-0.0010711532086133957,"w":0.695351243019104},"size":12.290655136108399,"orthographic":false}